,,,,,,,10/15/2025,,,,,,,,
,,,,,,,,,,,,,,,
Task/Improvement,Item,Description,Responsible Party,Status,Fequency,Last Completion Date,Next Completion Date,Notes,,,,,,,
Monitoring,Form Submission Check,"Check Firebase console for new form submissions, respond to inquiries within 4 business hours",,Not Started,Daily,,,,,,,,,,
Monitoring,Google Review Monitoring,"Check Google Business Profile for new reviews, respond to all reviews within 24 hours",,Not Started,Daily,,,,,,,,,,
Monitoring,Lead Assignment,"Route new leads to appropriate team members, update CRM",,Not Started,Daily,,,,,,,,,,
Monitoring,Website Uptime Check,"Verify website accessibility, check for any critical errors",,Not Started,Daily,,,,,,,,,,
Monitoring,Phone Call Conversions,Check tracked call conversions in Google Ads,,Not Started,Daily,,,,,,,,,,
Monitoring,Security Alerts,Check for any security notifications or alerts,,Not Started,Daily,,,,,,,,,,
Monitoring,Failed Login Monitoring,Check for brute force attempts,,Not Started,Daily,,,,,,,,,,
Form & Function,Form Testing,Test all contact forms for proper functionality,,Complete,Weekly: Mondays,24-Mar,31-Mar,3/26: Tested and good - ,,,,,,,
Form & Function,Mobile Menu Testing,Verify mobile menu functionality across devices,,Complete,Weekly: Mondays,24-Mar,31-Mar,3/26: Tested and good - ,,,,,,,
Form & Function,Link Verification,Check critical navigation links and CTAs,,Complete,Weekly: Mondays,24-Mar,31-Mar,3/26: Tested and good - ,,,,,,,
Form & Function,Phone Tracking Check,Verify call tracking is properly recording,,Complete,Weekly: Mondays,24-Mar,31-Mar,3/26: Tested and good - ,,,,,,,
Form & Function,Backup Verification,"Check backup completion logs, verify no errors",,Complete,Weekly: Mondays,24-Mar,31-Mar,3/26: Tested and good - ,,,,,,,
Analytics & Content,Analytics Review,"Check key performance metrics, note significant changes",,Not Started,Weekly: Wednesdays,26-Mar,2-Apr,,,,,,,,
Analytics & Content,Error Log Check,Review error logs for recurring issues,,Not Started,Weekly: Wednesdays,26-Mar,2-Apr,,,,,,,,
Analytics & Content,Content Updates,Update time-sensitive content and seasonal information,,Not Started,Weekly: Wednesdays,26-Mar,2-Apr,,,,,,,,
Analytics & Content,Google Business Post,Create weekly Google Business post with recent content,,Not Started,Weekly: Wednesdays,26-Mar,2-Apr,,,,,,,,
Analytics & Content,Social Media Updates,Post new content to social media platforms,,Not Started,Weekly: Wednesdays,26-Mar,2-Apr,,,,,,,,
Security & Performance,Security Scan,Run malware scan on website,,Not Started,Weekly: Friday,28-Mar,4-Apr,,,,,,,,
Security & Performance,Performance Check,Test page speed for critical pages,,Not Started,Weekly: Friday,28-Mar,4-Apr,,,,,,,,
Security & Performance,Database Cleanup,"Remove spam submissions, optimize database",,Not Started,Weekly: Friday,28-Mar,4-Apr,,,,,,,,
Security & Performance,File Integrity Checks,Verify core files haven't been modified,,Not Started,Weekly: Friday,28-Mar,4-Apr,,,,,,,,
Security & Performance,Add Project Photos,Add 2-3 new project photos to Google Business Profile,,Not Started,Weekly: Friday,28-Mar,4-Apr,,,,,,,,
General Weekly,Organic Traffic Analysis,Track and analyze organic traffic,,Not Started,Weekly,28-Mar,4-Apr,,,,,,,,
General Weekly,Keyword Position Tracking,Monitor rankings for target keywords,,Not Started,Weekly,28-Mar,4-Apr,,,,,,,,
General Weekly,Blog Comment Moderation,Review and respond to blog comments,,Not Started,Weekly,28-Mar,4-Apr,,,,,,,,
General Weekly,Competitor Monitoring,Check competitor websites for new content/features,,Not Started,Weekly,28-Mar,4-Apr,,,,,,,,
General Weekly,Conversion Rate Check,Review form submission and call conversion rates,,Not Started,Weekly,28-Mar,4-Apr,,,,,,,,
General Weekly,Q&A Monitoring,Check and respond to any questions in Google Business Q&A,,Not Started,Weekly,28-Mar,4-Apr,,,,,,,,
General Weekly,Update Testimonials,Add new customer testimonials if available,,Not Started,Weekly,28-Mar,4-Apr,,,,,,,,
General Weekly,SEO Performance Tracking,Update SEO tracking spreadsheet with weekly data,,Not Started,Weekly,28-Mar,4-Apr,,,,,,,,
General Weekly,Voice Search Test,Conduct basic voice search test with Google Assistant,,Not Started,Weekly,28-Mar,4-Apr,,,,,,,,
SEO & Technical,Comprehensive SEO Audit,Complete audit using Screaming Frog or similar tool,,Not Started,Monthly: Week 1,31-Mar,28-Apr,,,,,,,,
SEO & Technical,Schema Markup Check,Verify schema markup is correctly implemented,,In Progress,Monthly: Week 1,26-Mar,23-Apr,"3/26: Enhanced homepage schema by changing type from 'LocalBusiness' to 'ElectricalContractor', added extensive service area coverage including Austin neighborhoods, updated 'areaServed' array with all service locations, added service area with geocircle centered on Austin, added specific services offered in service areas. Preparing to implement schema on service pages and location pages.",,,,,,,
SEO & Technical,Technical SEO Review,Check Core Web Vitals and technical SEO metrics,,Not Started,Monthly: Week 1,31-Mar,28-Apr,,,,,,,,
SEO & Technical,SSL Certificate Check,Ensure SSL is valid and properly configured,,Not Started,Monthly: Week 1,31-Mar,28-Apr,,,,,,,,
SEO & Technical,Robots.txt & Sitemap Check,Verify robots.txt configuration and sitemap status,,Not Started,Monthly: Week 1,31-Mar,28-Apr,,,,,,,,
SEO & Technical,Vulnerability Assessment,Check for known vulnerabilities,,Not Started,Monthly: Week 1,31-Mar,28-Apr,,,,,,,,
Content & User Experience,Service Page Updates,Refresh service information and pricing if needed,,Not Started,Monthly: Week 2,7-Apr,5-May,,,,,,,,
Content & User Experience,Neighborhood Content,Update area-specific information,,Not Started,Monthly: Week 2,7-Apr,5-May,,,,,,,,
Content & User Experience,Blog Content Creation,Create 1-2 new blog posts,,Not Started,Monthly: Week 2,7-Apr,5-May,,,,,,,,
Content & User Experience,Image Optimization,Check and optimize images for performance,,Not Started,Monthly: Week 2,7-Apr,5-May,,,,,,,,
Content & User Experience,User Experience Review,Review Hotjar recordings for UX issues,,Not Started,Monthly: Week 2,7-Apr,5-May,,,,,,,,
Content & User Experience,Cross-Browser Testing,Test site in major browsers,,Not Started,Monthly: Week 2,7-Apr,5-May,,,,,,,,
Content & User Experience,Voice Search FAQs,Update or add FAQs based on voice search queries,,Not Started,Monthly: Week 2,7-Apr,5-May,,,,,,,,
Business & SEO,Business Information Verification,"Verify contact info, hours, and services are current",,Not Started,Monthly: Week 3,14-Apr,12-May,,,,,,,,
Business & SEO,Google Business Profile Audit,Complete audit of GBP and make necessary updates,,Not Started,Monthly: Week 3,14-Apr,12-May,,,,,,,,
Business & SEO,Local Citation Check,Verify NAP consistency across directories,,Not Started,Monthly: Week 3,14-Apr,12-May,,,,,,,,
Business & SEO,Review Generation,Implement strategies to generate new reviews,,Not Started,Monthly: Week 3,14-Apr,12-May,,,,,,,,
Business & SEO,Competitor Analysis,Check competitor GBP listings for new features or content ideas,,Not Started,Monthly: Week 3,14-Apr,12-May,,,,,,,,
Business & SEO,Local Landing Page Update,Update one neighborhood service page,,Not Started,Monthly: Week 3,14-Apr,12-May,,,,,,,,
Analytics & Reporting,Monthly Performance Report,Create comprehensive performance report,,Not Started,Monthly: Week 4,21-Apr,19-May,,,,,,,,
Analytics & Reporting,Client Dashboard Update,Update client-facing analytics dashboard,,Not Started,Monthly: Week 4,21-Apr,19-May,,,,,,,,
Analytics & Reporting,Goal Tracking Review,Check conversion tracking is working properly,,Not Started,Monthly: Week 4,21-Apr,19-May,,,,,,,,
Analytics & Reporting,Campaign Performance Analysis,Review and optimize advertising campaigns,,Not Started,Monthly: Week 4,21-Apr,19-May,,,,,,,,
Analytics & Reporting,Budget Review,Analyze marketing spend and ROI,,Not Started,Monthly: Week 4,21-Apr,19-May,,,,,,,,
Analytics & Reporting,Recommendations Development,Create action plan based on data analysis,,Not Started,Monthly: Week 4,21-Apr,19-May,,,,,,,,
Voice Search,Google Assistant Testing,"Test business discovery via Google Assistant using phrases like ""electrician near me"" and ""electrical services in [neighborhood]""",,Not Started,Monthly,7-Apr,5-May,,,,,,,,
Voice Search,Siri Search Testing,Verify business appears in Siri search results using natural language queries,,Not Started,Monthly,7-Apr,5-May,,,,,,,,
Voice Search,Alexa Testing,Test discovery via Amazon Alexa using key phrases,,Not Started,Monthly,7-Apr,5-May,,,,,,,,
Voice Search,Local Business Snippet Check,Verify Google's local business snippets are optimized for voice,,Not Started,Monthly,7-Apr,5-May,,,,,,,,
Voice Search,Featured Snippet Monitoring,Track featured snippet acquisition for target queries,,Not Started,Monthly,7-Apr,5-May,,,,,,,,
Voice Search,Voice Search Performance Report,Document voice search visibility and opportunities,,Not Started,Monthly,7-Apr,5-May,,,,,,,,
General Monthly,Plugin/Theme Updates,Update all components to latest versions,,Not Started,Monthly,7-Apr,5-May,,,,,,,,
General Monthly,Test Backup Restoration,Perform test restoration to verify backup integrity,,Not Started,Monthly,7-Apr,5-May,,,,,,,,
General Monthly,Database Optimization,Perform database maintenance and optimization,,Not Started,Monthly,7-Apr,5-May,,,,,,,,
General Monthly,Add Case Study,Create one new case study for completed project,,Not Started,Monthly,7-Apr,5-May,,,,,,,,
General Monthly,Content Performance Analysis,Review and analyze content performance,,Not Started,Monthly,7-Apr,5-May,,,,,,,,
General Monthly,Access Control Review,Review user accounts and permission levels,,Not Started,Monthly,7-Apr,5-May,,,,,,,,
General Monthly,Tracking Verification,Verify all analytics and tracking is functioning,,Not Started,Monthly,7-Apr,5-May,,,,,,,,
Technical & Secutiry,Full Site Crawl Analysis,Complete crawl using Screaming Frog,,Not Started,Quarterly,7-Apr,6-Jul,,,,,,,,
Technical & Secutiry,Comprehensive Security Audit,Full security assessment and penetration testing,,Not Started,Quarterly,7-Apr,6-Jul,,,,,,,,
Technical & Secutiry,Server Configuration Review,Analyze server response times and settings,,Not Started,Quarterly,7-Apr,6-Jul,,,,,,,,
Technical & Secutiry,Full Backup Verification,Complete verification of backup systems,,Not Started,Quarterly,7-Apr,6-Jul,,,,,,,,
Technical & Secutiry,Third-Party Integration Review,Check all integrated systems and APIs,,Not Started,Quarterly,7-Apr,6-Jul,,,,,,,,
Technical & Secutiry,Access Audit,Complete audit of all user accounts and access,,Not Started,Quarterly,7-Apr,6-Jul,,,,,,,,
Content & SEO,Comprehensive Content Audit,"Audit all website content, identify gaps and opportunities",,Not Started,Quarterly,7-Apr,6-Jul,,,,,,,,
Content & SEO,Keyword Strategy Review,Update keyword targeting strategy,,Not Started,Quarterly,7-Apr,6-Jul,,,,,,,,
Content & SEO,Backlink Analysis,Analyze backlink profile and identify opportunities,,Not Started,Quarterly,7-Apr,6-Jul,,,,,,,,
Content & SEO,Cornerstone Content Refresh,Update and enhance most important content,,Not Started,Quarterly,7-Apr,6-Jul,,,,,,,,
Content & SEO,Content Gap Analysis,Identify missing content topics,,Not Started,Quarterly,7-Apr,6-Jul,,,,,,,,
Content & SEO,Competitive Analysis,Complete analysis of competitor strategies,,Not Started,Quarterly,7-Apr,6-Jul,,,,,,,,
Voice Search,Long-tail Keyword Analysis,Research natural language queries related to electrical services,,Not Started,Quarterly,7-Apr,6-Jul,,,,,,,,
Voice Search,Question Optimization,Add content addressing common voice search questions,,Not Started,Quarterly,7-Apr,6-Jul,,,,,,,,
Voice Search,Voice Search Content Audit,Review content for conversational tone and natural language,,Not Started,Quarterly,7-Apr,6-Jul,,,,,,,,
Voice Search,Local Search Terms Update,Update location-based content with colloquial terms people use in speech,,Not Started,Quarterly,7-Apr,6-Jul,,,,,,,,
Voice Search,Speakable Schema Review,Implement or update speakable schema markup,,Not Started,Quarterly,7-Apr,6-Jul,,,,,,,,
Voice Search,Voice-Focused FAQ Development,Create FAQ content specifically targeting voice queries,,Not Started,Quarterly,7-Apr,6-Jul,,,,,,,,
Analytics & Performance,Quarterly Performance Review,Comprehensive analysis against goals,,Not Started,Quarterly,7-Apr,6-Jul,,,,,,,,
Analytics & Performance,Core Web Vitals Optimization,In-depth performance improvements,,Not Started,Quarterly,7-Apr,6-Jul,,,,,,,,
Analytics & Performance,Analytics Audit,Verify all analytics tracking is properly configured,,Not Started,Quarterly,7-Apr,6-Jul,,,,,,,,
Analytics & Performance,Conversion Optimization,Review and optimize all conversion paths,,Not Started,Quarterly,7-Apr,6-Jul,,,,,,,,
Analytics & Performance,User Journey Analysis,Analyze full user journeys and identify improvements,,Not Started,Quarterly,7-Apr,6-Jul,,,,,,,,
Analytics & Performance,Goal Setting,Set new performance goals for next quarter,,Not Started,Quarterly,7-Apr,6-Jul,,,,,,,,
Business Development,Service Area Expansion,Add new neighborhood or suburb page,,Not Started,Quarterly,7-Apr,6-Jul,,,,,,,,
Business Development,Service Offering Review,Update service offerings and pricing,,Not Started,Quarterly,7-Apr,6-Jul,,,,,,,,
Business Development,Team Information Update,Update team information and photos,,Not Started,Quarterly,7-Apr,6-Jul,,,,,,,,
Business Development,Business Credential Verification,Verify all licenses and credentials,,Not Started,Quarterly,7-Apr,6-Jul,,,,,,,,
Business Development,Customer Success Story Development,Create 2-3 detailed case studies,,Not Started,Quarterly,7-Apr,6-Jul,,,,,,,,
Business Development,Testimonial Collection,Gather new testimonials for website,,Not Started,Quarterly,7-Apr,6-Jul,,,,,,,,
SEO & Performance,XML Sitemap Implementation,XML Sitemap Check - ensure properly working,,Complete,Weekly,26-Mar,2-Apr,"3/26: Created and implemented sitemap.xml with 25 URLs including homepage, service pages, and location pages. Added sitemap reference to robots.txt and submitted to Google Search Console. Status shows 'Success' with 25 discovered pages.",,,,,,,
SEO & Performance,Schema Markup Implementation,Update schema markup templates in website documentation,,In Progress,Monthly,26-Mar,23-Apr,"3/26: Created enhanced schema templates for homepage, service pages, neighborhood pages, FAQ sections, and blog posts. Need to add to Website Documentation v3.0 in SEO Strategy section.",,,,,,,
Page Updates,Page: Index,Updates/Implementation to Index.html,,Complete,Periodically,26-Mar,,3/26: Implemented new schema and hotjar to index page. Uploaded and verified working - Rich Results Tested and good to go,,,,,,,
Page Updates,Page: Services,Updates/Implementation to Services Page,,Complete,Periodically,7-Jul,,"3/26: Implemented new schema and hotjar to index page. Uploaded and verified working - Rich Results Tested and good to go
7/7: Updated to include energy-efficiency and outdoor living, also improved some links on it for smart home and new construction",,,,,,,
Page Updates,Page: EV Charger,Updates/Implementation to EV Charger Page,,Complete,Periodically,26-Mar,,3/26: Implemented new schema and hotjar to index page. Uploaded and verified working - Rich Results Tested and good to go,,,,,,,
Page Updates,Page: About Us,Updates/Implementation to About Us Page,,Complete,Periodically,1-Apr,,"4/1: Implemented comprehensive About page with proper schema markup, enhanced content sections, team information, and company history. Added expertise sections for both residential and commercial work. Removed testimonials per request. Rich Results tested for Organization and FAQ schema.",,,,,,,
Page Updates,Page: Contact,Updates/Implementation to Contact Page,Complete,Complete,Periodically,7-Apr,,"4/7: Enhanced contact page with improved form fields (added service selection, urgency, location). Implemented ElectricalContractor schema with contactPoint property and FAQ schema. Added service area map with color-coded response times. Rich Results tested and verified.",,,,,,,
Page Updates,Page: Emergency Services,"Complete overhaul of emergency.html with enhanced SEO, content & UX",Complete,Complete,Periodically,14-Apr,14-Jul (quarterly review),"4/14: Implemented comprehensive schema markup with Service, FAQ, and Breadcrumb. Added Austin-specific content with neighborhood references. Enhanced UX with ""Jump to"" navigation, expandable FAQs, and improved CTAs. Added pricing transparency and response time sections. Rich Results Test confirmed all schema validating. Improved mobile experience with better call buttons.",,,,,,,
Page Updates,Page: Services,Comprehensive redesign of Services overview page,Complete,Complete,Periodically,15-Apr,,"4/15: Complete redesign with categorized services structure, enhanced schema markup, service comparison table, Austin-specific content, and interactive elements. Rich Results Tested and verified.",,,,,,,
Schema Implementation,Services Schema,Enhanced Service schema with OfferCatalog,Complete,Complete,One-time,15-Apr,,"4/15: Implemented comprehensive service schema with ElectricalContractor provider, GeoCircle, and categorized OfferCatalog.",,,,,,,
Schema Implementation,FAQ Schema,FAQ Schema for Services page,Complete,Complete,One-time,15-Apr,,"4/15: Added FAQ schema with 4 common questions about service areas, licensing, emergency services, and pricing.",,,,,,,
Technical SEO,Rich Results Testing,Testing schema for rich results,Ongoing,Complete,After each update,15-Apr,18-Apr-25,4/15: Tested Services page schema - all passed without errors.,,,,,,,
Content Enhancement,Austin-Specific Content,Addition of local content to services page,Complete,Complete,Quarterly,15-Apr,15-Jul-25,"4/15: Added sections on Austin weather-related services, building standards, and neighborhood-specific offerings.",,,,,,,
Content Enhancement,Service Comparison,Creation of service comparison table,Complete,Complete,One-time,15-Apr,,"4/15: Implemented service comparison table with response times, price ranges, and best-fit information.",,,,,,,
UX Improvement,Quick Jump Navigation,Addition of quick navigation to services page,Complete,Complete,One-time,15-Apr,,4/15: Implemented sticky category navigation with anchor links to page sections.,,,,,,,
UX Improvement,Service Search,Implementation of service search functionality,Complete,Complete,One-time,15-Apr,,4/15: Added JavaScript-based search functionality for quickly finding specific services.,,,,,,,
UX Improvement,FAQ Toggle,Interactive FAQ section with expand/collapse,Complete,Complete,One-time,15-Apr,,4/15: Implemented expandable FAQ items with JavaScript toggle functionality.,,,,,,,
UX Improvement,Sticky Call Buttons,Enhanced call-to-action buttons,Complete,Complete,One-time,15-Apr,,4/15: Added sticky desktop call button and maintained fixed mobile CTA.,,,,,,,
Page Updates,Page: Panel Upgrades,Updates/Implementation to panel-upgrades.html,Complete,Complete,Periodically,23-Apr,,"4/23: Complete implementation with interactive elements, Austin-specific content, before/after gallery, service time table, and expanded schema markup",,,,,,,
,,,Complete,,,,,,,,,,,,
,,,Complete,,,,,,,,,,,,
Page Updates,Page: EV Charger Installation,Comprehensive enhancement to EV charger installation page,Complete,Complete,Periodically,23-Apr,,"4/23: Implemented complete page redesign with expanded schema (Service + FAQ + Breadcrumb), added Austin-specific content sections with rebates and neighborhood considerations, implemented quick navigation with smooth scrolling, created interactive FAQ toggle functionality, added before/after gallery, implemented service area response time table, added desktop fixed CTA. All schema validated in Rich Results Test.",,,,,,,
Page Updates,Page: Commercial,Updates/Implementation to commercial.html,,Complete,Periodically,6-May,,"5/6: Comprehensive implementation with expanded schema, Austin-specific sections (climate considerations, code compliance), neighborhood-specific services, before/after gallery, service area response time table, and interactive elements",,,,,,,
Page Updates,Page: Outlets-Switches,"Complete overhaul of outlets-switches.html with enhanced schema markup, Austin-specific content, and interactive elements",,Complete,Periodically,8-May,,"5/8: Implemented comprehensive Service, FAQ, and Breadcrumb schemas. Added Austin-specific sections including neighborhood solutions, warning signs, and code compliance. Enhanced UX with quick navigation, interactive FAQ toggles, and before/after gallery. Added service area response times and desktop/mobile CTAs. Rich Results Test confirmed all schema validating.",,,,,,,
Page Updates,Page: pool-hottub,"Complete overhaul of pool-hottub.html with enhanced SEO, Austin-specific content & interactive elements",,Complete,Periodically,12-May,,"5/12: Fully restructured page to match April 2025 service page template with all 15 required sections. Enhanced schema markup with Service, FAQ (6 items), and Breadcrumb schemas. Added Austin-specific content for different neighborhoods (Dripping Springs, Westlake, Lake Travis). Implemented interactive elements including quick navigation, FAQ toggle, and Before & After gallery. Added Service Area Response Time Table. Expanded content to 1,800+ words with pricing information, process details, and code compliance section. Rich Results Test confirmed all schema validating. Enhanced mobile experience with fixed CTA and added desktop fixed CTA.",,,,,,,
Page Updates,Page: safety-inspections,Comprehensive update to Safety Inspections page,,Complete,Periodically,12-May,,"5/12: Implemented enhanced service page template with 16-section structure. Added quick navigation, Austin-specific content, warning signs section, before & after gallery, service area response times, and interactive FAQ. Updated schema with proper Service, FAQ, and Breadcrumb markup. Added Desktop Sticky CTA and enhanced mobile responsiveness. All Rich Results Test validated.",,,,,,,
Page Updates,Page: electrical-repairs,Updates/Implementation to Electrical Repair service page,Complete,Complete,Periodically,6-May,,"5/6: Implemented comprehensive service page with expanded schema markup, Austin-specific content, interactive elements (warning signs section, FAQ toggles, quick navigation), before/after gallery, and service area response time table. Rich Results tested and validated.",,,,,,,
Page Updates,Page:generator-services,Complete redesign of generator installation page,,Complete,Periodically,13-May,,"5/13: Enhanced generator page with Austin-specific content, improved schema markup, added before/after gallery, expanded FAQs to 8 questions, implemented quick jump navigation, optimized for local SEO with neighborhood references. Rich Results tested and verified.",,,,,,,
Page Updates,Page: Lighting,Complete redesign of lighting-installation.html page with enhanced structure,,Complete,Periodically,13-May,,"5/13: Implemented comprehensive update including breadcrumb navigation, quick jump nav, Austin-specific section, warning signs section, service types, improved process flow, before & after gallery, service area response time table, interactive FAQ section, and enhanced schema markup (service, breadcrumb, and FAQ). Rich Results tested and validated.",,,,,,,
Page Updates,Page: Surge Protection,Comprehensive redesign of surge-protection.html ,,Complete,Periodically,13-May,,"5/13: Implemented enhanced page structure following documentation standards. Added warning signs section, Austin-specific content, expanded FAQ schema, service comparison, response time table, and improved CTAs. Rich Results tested and verified. Added testimonials with local mentions. Added before/after gallery placeholders.",,,,,,,
Page Updates - Locations,Bee Caves,Implementation of Bee Cave location page,,Done - Ready to implement,Periodically,21-May,,"5/21: Created complete Bee Cave location page with neighborhood-specific content including custom services sections based on strategy document. Implemented proper schema markup (LocalBusiness, FAQ, Breadcrumb) and structured the page with neighborhood-focused content for Spanish Oaks, Falconhead, Uplands, and Hill Country Galleria areas. Rich Results tested and good to go.",,,,,,,
Page Updates - Locations,Austin,Implementation of Austin location page,,Complete,Periodically,28-May,,"5/28: Complete rewrite of Austin.html - Added missing Hotjar tracking, enhanced schema markup with aggregateRating and hasCredential (TECL #28315), implemented breadcrumb navigation and schema, added all missing meta tags (robots, keywords, author), updated content structure with four priority services, enhanced neighborhood linking, improved SEO optimization with Austin-specific content. Page now fully compliant with strategy document standards.",,,,,,,
Page Updates - Locations,Central Austin,,,,,,,,,,,,,,
Page Updates - Locations,Downtown,,Complete,,,,,,,,,,,,
Page Updates - Locations,South Austin,,Complete,,,,,,,,,,,,
Page Updates - Locations,North Austin,,Complete,,,,,,,,,,,,
Page Updates - Locations,East Austin,,Complete,,,,,,,,,,,,
Page Updates - Locations,West Austin,,,,,,,,,,,,,,
Page Updates - Locations,Northwest Austin,,,,,,,,,,,,,,
Page Updates - Locations,Dripping Springs,Implementation of Dripping Springs Web page,,Complete,Periodically,9-Jul,,"7/9: Created comprehensive Dripping Springs area page with all strategic content from targeting strategy. Includes: 5 primary services (new construction, rural property, EV charger, backup power, panel upgrades), neighborhood-specific sections (downtown, newer developments, rural), local positioning (15-30 min response, dark sky ordinance knowledge), customer testimonials from David R. and Michelle K., complete SEO optimization with schema markup, FAQ section with 4 strategic questions, and mobile-responsive design. File path: /areas-we-serve/austin/dripping-springs.html",,,,,,,
Page Updates - Locations,Westlake,,,,,,,,,,,,,,
Page Updates - Locations,Lake Travis,,,,,,,,,,,,,,
Page Updates - Locations,Buda,,,,,,,,,,,,,,
Page Updates - Locations,Kyle,,,,,,,,,,,,,,
Page Updates - Locations,San Marcos,,,,,,,,,,,,,,
Page Updates - Locations,Round Rock,,,,,,,,,,,,,,
Page Updates - Locations,Cedar Park,,,,,,,,,,,,,,
Page Updates - Locations,Georgetwon,,,,,,,,,,,,,,
Page Updates - Locations,Pflugerville,,,,,,,,,,,,,,
Page Updates - Locations,Leander,,,,,,,,,,,,,,
Page Updates - Locations,Liberty Hill,,,,,,,,,,,,,,
Page Updates - Locations,South Congress,,,,,,,,,,,,,,
Page Updates - Locations,Circle C,,,,,,,,,,,,,,
Page Updates - Locations,Hyde Park,,,,,,,,,,,,,,
Page Updates - Locations,Mueller,,,,,,,,,,,,,,
Page Updates - Locations,Tarrytown,,,,,,,,,,,,,,
Page Updates - Locations,Travis Heights,,,,,,,,,,,,,,
Page Updates,Page: Area,Updated page with SEO and updated page links,,Complete,Once,28-May,,5/28: Updated SEO and backend parts of the web page. Updated the links to other pages as well to fit correct formatting. ,,,,,,,
Page Updates,Smart Home Page,Created page,,Complete,Once,7-Jul,,"7/7: Created and updated page to match standards, uploaded",,,,,,,
Page Updates,New Construction / Custom Home,Created page,Complete,Complete,Once,7-Jul,,"7/7: Created and updated page to match standards, uploaded",,,,,,,
Page Updates,Energy Efficiency,Created page,Once,Complete,Once,7-Jul,,"7/7: Created and updated page to match standards, uploaded",,,,,,,
Page Updates,Outdoor Living,Created page,7-Jul,Complete,Once,7-Jul,,"7/7: Created and updated page to match standards, uploaded",,,,,,,
Page Updates,Site Map,Updated Page,,Complete,Once,7-Jul,,"7/7: Updated site map and uploaded. Updated with services pages, as well as blown out listing of locations and also the blogs.",,,,,,,
Page updates - Blog,Blog Index,Created page,,Complete,Once,8-Jul,,7/8: Created page and changed up formatting in folder of blogs,,,,,,,
Page updates - Blog,Electrical Safety Category Page,Created page,Complete,Complete,Once,8-Jul,,7/8: Created page and changed up formatting in folder of blogs,,,,,,,
Page updates - Blog,Home Improvement Category Page,,,,,,,,,,,,,,
Page updates - Blog,Seasonal Tips Category Page,,,,,,,,,,,,,,
Page updates - Blog,Commercial Category Page,,,,,,,,,,,,,,
Page updates - Blog,DIY Category Page,,,,,,,,,,,,,,
Page updates - Blog,Modern Solutions Category Page,,,,,,,,,,,,,,
Page updates - Blog,Austin Specific html?,,,,,,,,,,,,,,
,,,,,,,,,,,,,,,
,,,,,,,,,,,,,,,
,,,,,,,,,,,,,,,
,,,,,,,,,,,,,,,
,,,,,,,,,,,,,,,
,,,,,,,,,,,,,,,
,,,,,,,,,,,,,,,
,,,,,,,,,,,,,,,
,,,,,,,,,,,,,,,
,,,,,,,,,,,,,,,
,,,,,,,,,,,,,,,
,,,,,,,,,,,,,,,
,,,,,,,,,,,,,,,
,,,,,,,,,,,,,,,
,,,,,,,,,,,,,,,
,,,,,,,,,,,,,,,
,,,,,,,,,,,,,,,
,,,,,,,,,,,,,,,
,,,,,,,,,,,,,,,
,,,,,,,,,,,,,,,
,,,,,,,,,,,,,,,
,,,,,,,,,,,,,,,
,,,,,,,,,,,,,,,
,,,,,,,,,,,,,,,
,,,,,,,,,,,,,,,
,,,,,,,,,,,,,,,
,,,,,,,,,,,,,,,
,,,,,,,,,,,,,,,
,,,,,,,,,,,,,,,
,,,,,,,,,,,,,,,
,,,,,,,,,,,,,,,
,,,,,,,,,,,,,,,
,,,,,,,,,,,,,,,
,,,,,,,,,,,,,,,
,,,,,,,,,,,,,,,
,,,,,,,,,,,,,,,
,,,,,,,,,,,,,,,
,,,,,,,,,,,,,,,
,,,,,,,,,,,,,,,
,,,,,,,,,,,,,,,
,,,,,,,,,,,,,,,
,,,,,,,,,,,,,,,
,,,,,,,,,,,,,,,
,,,,,,,,,,,,,,,
,,,,,,,,,,,,,,,
,,,,,,,,,,,,,,,
,,,,,,,,,,,,,,,
,,,,,,,,,,,,,,,
,,,,,,,,,,,,,,,
,,,,,,,,,,,,,,,
,,,,,,,,,,,,,,,
,,,,,,,,,,,,,,,
,,,,,,,,,,,,,,,
,,,,,,,,,,,,,,,
,,,,,,,,,,,,,,,
,,,,,,,,,,,,,,,
,,,,,,,,,,,,,,,
,,,,,,,,,,,,,,,
,,,,,,,,,,,,,,,
,,,,,,,,,,,,,,,
,,,,,,,,,,,,,,,
,,,,,,,,,,,,,,,
,,,,,,,,,,,,,,,
,,,,,,,,,,,,,,,
,,,,,,,,,,,,,,,
,,,,,,,,,,,,,,,
,,,,,,,,,,,,,,,
,,,,,,,,,,,,,,,
,,,,,,,,,,,,,,,
,,,,,,,,,,,,,,,
,,,,,,,,,,,,,,,
,,,,,,,,,,,,,,,
,,,,,,,,,,,,,,,
,,,,,,,,,,,,,,,
,,,,,,,,,,,,,,,
,,,,,,,,,,,,,,,
,,,,,,,,,,,,,,,
,,,,,,,,,,,,,,,
,,,,,,,,,,,,,,,
,,,,,,,,,,,,,,,
,,,,,,,,,,,,,,,
,,,,,,,,,,,,,,,
,,,,,,,,,,,,,,,
,,,,,,,,,,,,,,,
,,,,,,,,,,,,,,,
,,,,,,,,,,,,,,,
,,,,,,,,,,,,,,,
,,,,,,,,,,,,,,,
,,,,,,,,,,,,,,,
,,,,,,,,,,,,,,,
,,,,,,,,,,,,,,,
,,,,,,,,,,,,,,,
,,,,,,,,,,,,,,,
,,,,,,,,,,,,,,,
,,,,,,,,,,,,,,,
,,,,,,,,,,,,,,,
,,,,,,,,,,,,,,,
,,,,,,,,,,,,,,,
,,,,,,,,,,,,,,,
,,,,,,,,,,,,,,,
,,,,,,,,,,,,,,,
,,,,,,,,,,,,,,,
,,,,,,,,,,,,,,,
,,,,,,,,,,,,,,,
,,,,,,,,,,,,,,,
,,,,,,,,,,,,,,,
,,,,,,,,,,,,,,,
,,,,,,,,,,,,,,,
,,,,,,,,,,,,,,,
,,,,,,,,,,,,,,,
,,,,,,,,,,,,,,,
,,,,,,,,,,,,,,,
,,,,,,,,,,,,,,,
,,,,,,,,,,,,,,,
,,,,,,,,,,,,,,,
,,,,,,,,,,,,,,,
,,,,,,,,,,,,,,,
,,,,,,,,,,,,,,,
,,,,,,,,,,,,,,,
,,,,,,,,,,,,,,,
,,,,,,,,,,,,,,,
,,,,,,,,,,,,,,,
,,,,,,,,,,,,,,,
,,,,,,,,,,,,,,,
,,,,,,,,,,,,,,,
,,,,,,,,,,,,,,,
,,,,,,,,,,,,,,,
,,,,,,,,,,,,,,,
,,,,,,,,,,,,,,,
,,,,,,,,,,,,,,,
,,,,,,,,,,,,,,,
,,,,,,,,,,,,,,,
,,,,,,,,,,,,,,,
,,,,,,,,,,,,,,,
,,,,,,,,,,,,,,,
,,,,,,,,,,,,,,,
,,,,,,,,,,,,,,,
,,,,,,,,,,,,,,,
,,,,,,,,,,,,,,,
,,,,,,,,,,,,,,,
,,,,,,,,,,,,,,,
,,,,,,,,,,,,,,,
,,,,,,,,,,,,,,,
,,,,,,,,,,,,,,,
,,,,,,,,,,,,,,,
,,,,,,,,,,,,,,,
,,,,,,,,,,,,,,,
,,,,,,,,,,,,,,,
,,,,,,,,,,,,,,,
,,,,,,,,,,,,,,,
,,,,,,,,,,,,,,,
,,,,,,,,,,,,,,,
,,,,,,,,,,,,,,,
,,,,,,,,,,,,,,,
,,,,,,,,,,,,,,,
,,,,,,,,,,,,,,,
,,,,,,,,,,,,,,,
,,,,,,,,,,,,,,,
,,,,,,,,,,,,,,,
,,,,,,,,,,,,,,,
,,,,,,,,,,,,,,,
,,,,,,,,,,,,,,,
,,,,,,,,,,,,,,,
,,,,,,,,,,,,,,,
,,,,,,,,,,,,,,,
,,,,,,,,,,,,,,,
,,,,,,,,,,,,,,,
,,,,,,,,,,,,,,,
,,,,,,,,,,,,,,,
,,,,,,,,,,,,,,,
,,,,,,,,,,,,,,,
,,,,,,,,,,,,,,,
,,,,,,,,,,,,,,,
,,,,,,,,,,,,,,,
,,,,,,,,,,,,,,,
,,,,,,,,,,,,,,,
,,,,,,,,,,,,,,,
,,,,,,,,,,,,,,,
,,,,,,,,,,,,,,,
,,,,,,,,,,,,,,,
,,,,,,,,,,,,,,,
,,,,,,,,,,,,,,,
,,,,,,,,,,,,,,,
,,,,,,,,,,,,,,,
,,,,,,,,,,,,,,,
,,,,,,,,,,,,,,,
,,,,,,,,,,,,,,,
,,,,,,,,,,,,,,,
,,,,,,,,,,,,,,,
,,,,,,,,,,,,,,,
,,,,,,,,,,,,,,,
,,,,,,,,,,,,,,,
,,,,,,,,,,,,,,,
,,,,,,,,,,,,,,,
,,,,,,,,,,,,,,,
,,,,,,,,,,,,,,,
,,,,,,,,,,,,,,,
,,,,,,,,,,,,,,,
,,,,,,,,,,,,,,,
,,,,,,,,,,,,,,,
,,,,,,,,,,,,,,,
,,,,,,,,,,,,,,,
,,,,,,,,,,,,,,,
,,,,,,,,,,,,,,,
,,,,,,,,,,,,,,,
,,,,,,,,,,,,,,,
,,,,,,,,,,,,,,,
,,,,,,,,,,,,,,,
,,,,,,,,,,,,,,,
,,,,,,,,,,,,,,,
,,,,,,,,,,,,,,,
,,,,,,,,,,,,,,,
,,,,,,,,,,,,,,,
,,,,,,,,,,,,,,,
,,,,,,,,,,,,,,,
,,,,,,,,,,,,,,,
,,,,,,,,,,,,,,,
,,,,,,,,,,,,,,,
,,,,,,,,,,,,,,,
,,,,,,,,,,,,,,,
,,,,,,,,,,,,,,,
,,,,,,,,,,,,,,,
,,,,,,,,,,,,,,,
,,,,,,,,,,,,,,,
,,,,,,,,,,,,,,,
,,,,,,,,,,,,,,,
,,,,,,,,,,,,,,,
,,,,,,,,,,,,,,,
,,,,,,,,,,,,,,,
,,,,,,,,,,,,,,,
,,,,,,,,,,,,,,,
,,,,,,,,,,,,,,,
,,,,,,,,,,,,,,,
,,,,,,,,,,,,,,,
,,,,,,,,,,,,,,,
,,,,,,,,,,,,,,,
,,,,,,,,,,,,,,,
,,,,,,,,,,,,,,,
,,,,,,,,,,,,,,,
,,,,,,,,,,,,,,,
,,,,,,,,,,,,,,,
,,,,,,,,,,,,,,,
,,,,,,,,,,,,,,,
,,,,,,,,,,,,,,,
,,,,,,,,,,,,,,,
,,,,,,,,,,,,,,,
,,,,,,,,,,,,,,,
,,,,,,,,,,,,,,,
,,,,,,,,,,,,,,,
,,,,,,,,,,,,,,,
,,,,,,,,,,,,,,,
,,,,,,,,,,,,,,,
,,,,,,,,,,,,,,,
,,,,,,,,,,,,,,,
,,,,,,,,,,,,,,,
,,,,,,,,,,,,,,,
,,,,,,,,,,,,,,,
,,,,,,,,,,,,,,,
,,,,,,,,,,,,,,,
,,,,,,,,,,,,,,,
,,,,,,,,,,,,,,,
,,,,,,,,,,,,,,,
,,,,,,,,,,,,,,,
,,,,,,,,,,,,,,,
,,,,,,,,,,,,,,,
,,,,,,,,,,,,,,,
,,,,,,,,,,,,,,,
,,,,,,,,,,,,,,,
,,,,,,,,,,,,,,,
,,,,,,,,,,,,,,,
,,,,,,,,,,,,,,,
,,,,,,,,,,,,,,,
,,,,,,,,,,,,,,,
,,,,,,,,,,,,,,,
,,,,,,,,,,,,,,,
,,,,,,,,,,,,,,,
,,,,,,,,,,,,,,,
,,,,,,,,,,,,,,,
,,,,,,,,,,,,,,,
,,,,,,,,,,,,,,,
,,,,,,,,,,,,,,,
,,,,,,,,,,,,,,,
,,,,,,,,,,,,,,,
,,,,,,,,,,,,,,,
,,,,,,,,,,,,,,,
,,,,,,,,,,,,,,,
,,,,,,,,,,,,,,,
,,,,,,,,,,,,,,,
,,,,,,,,,,,,,,,
,,,,,,,,,,,,,,,
,,,,,,,,,,,,,,,
,,,,,,,,,,,,,,,
,,,,,,,,,,,,,,,
,,,,,,,,,,,,,,,
,,,,,,,,,,,,,,,
,,,,,,,,,,,,,,,
,,,,,,,,,,,,,,,
,,,,,,,,,,,,,,,
,,,,,,,,,,,,,,,
,,,,,,,,,,,,,,,
,,,,,,,,,,,,,,,
,,,,,,,,,,,,,,,
,,,,,,,,,,,,,,,
,,,,,,,,,,,,,,,
,,,,,,,,,,,,,,,
,,,,,,,,,,,,,,,
,,,,,,,,,,,,,,,
,,,,,,,,,,,,,,,
,,,,,,,,,,,,,,,
,,,,,,,,,,,,,,,
,,,,,,,,,,,,,,,
,,,,,,,,,,,,,,,
,,,,,,,,,,,,,,,
,,,,,,,,,,,,,,,
,,,,,,,,,,,,,,,
,,,,,,,,,,,,,,,
,,,,,,,,,,,,,,,
,,,,,,,,,,,,,,,
,,,,,,,,,,,,,,,
,,,,,,,,,,,,,,,
,,,,,,,,,,,,,,,
,,,,,,,,,,,,,,,
,,,,,,,,,,,,,,,
,,,,,,,,,,,,,,,
,,,,,,,,,,,,,,,
,,,,,,,,,,,,,,,
,,,,,,,,,,,,,,,
,,,,,,,,,,,,,,,
,,,,,,,,,,,,,,,
,,,,,,,,,,,,,,,
,,,,,,,,,,,,,,,
,,,,,,,,,,,,,,,
,,,,,,,,,,,,,,,
,,,,,,,,,,,,,,,
,,,,,,,,,,,,,,,
,,,,,,,,,,,,,,,
,,,,,,,,,,,,,,,
,,,,,,,,,,,,,,,
,,,,,,,,,,,,,,,
,,,,,,,,,,,,,,,
,,,,,,,,,,,,,,,
,,,,,,,,,,,,,,,
,,,,,,,,,,,,,,,
,,,,,,,,,,,,,,,
,,,,,,,,,,,,,,,
,,,,,,,,,,,,,,,
,,,,,,,,,,,,,,,
,,,,,,,,,,,,,,,
,,,,,,,,,,,,,,,
,,,,,,,,,,,,,,,
,,,,,,,,,,,,,,,
,,,,,,,,,,,,,,,
,,,,,,,,,,,,,,,
,,,,,,,,,,,,,,,
,,,,,,,,,,,,,,,
,,,,,,,,,,,,,,,
,,,,,,,,,,,,,,,
,,,,,,,,,,,,,,,
,,,,,,,,,,,,,,,
,,,,,,,,,,,,,,,
,,,,,,,,,,,,,,,
,,,,,,,,,,,,,,,
,,,,,,,,,,,,,,,
,,,,,,,,,,,,,,,
,,,,,,,,,,,,,,,
,,,,,,,,,,,,,,,
,,,,,,,,,,,,,,,
,,,,,,,,,,,,,,,
,,,,,,,,,,,,,,,
,,,,,,,,,,,,,,,
,,,,,,,,,,,,,,,
,,,,,,,,,,,,,,,
,,,,,,,,,,,,,,,
,,,,,,,,,,,,,,,
,,,,,,,,,,,,,,,
,,,,,,,,,,,,,,,
,,,,,,,,,,,,,,,
,,,,,,,,,,,,,,,
,,,,,,,,,,,,,,,
,,,,,,,,,,,,,,,
,,,,,,,,,,,,,,,
,,,,,,,,,,,,,,,
,,,,,,,,,,,,,,,
,,,,,,,,,,,,,,,
,,,,,,,,,,,,,,,
,,,,,,,,,,,,,,,
,,,,,,,,,,,,,,,
,,,,,,,,,,,,,,,
,,,,,,,,,,,,,,,
,,,,,,,,,,,,,,,
,,,,,,,,,,,,,,,
,,,,,,,,,,,,,,,
,,,,,,,,,,,,,,,
,,,,,,,,,,,,,,,
,,,,,,,,,,,,,,,
,,,,,,,,,,,,,,,
,,,,,,,,,,,,,,,
,,,,,,,,,,,,,,,
,,,,,,,,,,,,,,,
,,,,,,,,,,,,,,,
,,,,,,,,,,,,,,,
,,,,,,,,,,,,,,,
,,,,,,,,,,,,,,,
,,,,,,,,,,,,,,,
,,,,,,,,,,,,,,,
,,,,,,,,,,,,,,,
,,,,,,,,,,,,,,,
,,,,,,,,,,,,,,,
,,,,,,,,,,,,,,,
,,,,,,,,,,,,,,,
,,,,,,,,,,,,,,,
,,,,,,,,,,,,,,,
,,,,,,,,,,,,,,,
,,,,,,,,,,,,,,,
,,,,,,,,,,,,,,,
,,,,,,,,,,,,,,,
,,,,,,,,,,,,,,,
,,,,,,,,,,,,,,,
,,,,,,,,,,,,,,,
,,,,,,,,,,,,,,,
,,,,,,,,,,,,,,,
,,,,,,,,,,,,,,,
,,,,,,,,,,,,,,,
,,,,,,,,,,,,,,,
,,,,,,,,,,,,,,,
,,,,,,,,,,,,,,,
,,,,,,,,,,,,,,,
,,,,,,,,,,,,,,,
,,,,,,,,,,,,,,,
,,,,,,,,,,,,,,,
,,,,,,,,,,,,,,,
,,,,,,,,,,,,,,,
,,,,,,,,,,,,,,,
,,,,,,,,,,,,,,,
,,,,,,,,,,,,,,,
,,,,,,,,,,,,,,,
,,,,,,,,,,,,,,,
,,,,,,,,,,,,,,,
,,,,,,,,,,,,,,,
,,,,,,,,,,,,,,,
,,,,,,,,,,,,,,,
,,,,,,,,,,,,,,,
,,,,,,,,,,,,,,,
,,,,,,,,,,,,,,,
,,,,,,,,,,,,,,,
,,,,,,,,,,,,,,,
,,,,,,,,,,,,,,,
,,,,,,,,,,,,,,,
,,,,,,,,,,,,,,,
,,,,,,,,,,,,,,,
,,,,,,,,,,,,,,,
,,,,,,,,,,,,,,,
,,,,,,,,,,,,,,,
,,,,,,,,,,,,,,,
,,,,,,,,,,,,,,,
,,,,,,,,,,,,,,,
,,,,,,,,,,,,,,,
,,,,,,,,,,,,,,,
,,,,,,,,,,,,,,,
,,,,,,,,,,,,,,,
,,,,,,,,,,,,,,,
,,,,,,,,,,,,,,,
,,,,,,,,,,,,,,,
,,,,,,,,,,,,,,,
,,,,,,,,,,,,,,,
,,,,,,,,,,,,,,,
,,,,,,,,,,,,,,,
,,,,,,,,,,,,,,,
,,,,,,,,,,,,,,,
,,,,,,,,,,,,,,,
,,,,,,,,,,,,,,,
,,,,,,,,,,,,,,,
,,,,,,,,,,,,,,,
,,,,,,,,,,,,,,,
,,,,,,,,,,,,,,,
,,,,,,,,,,,,,,,
,,,,,,,,,,,,,,,
,,,,,,,,,,,,,,,
,,,,,,,,,,,,,,,
,,,,,,,,,,,,,,,
,,,,,,,,,,,,,,,
,,,,,,,,,,,,,,,
,,,,,,,,,,,,,,,
,,,,,,,,,,,,,,,
,,,,,,,,,,,,,,,
,,,,,,,,,,,,,,,
,,,,,,,,,,,,,,,
,,,,,,,,,,,,,,,
,,,,,,,,,,,,,,,
,,,,,,,,,,,,,,,
,,,,,,,,,,,,,,,
,,,,,,,,,,,,,,,
,,,,,,,,,,,,,,,
,,,,,,,,,,,,,,,
,,,,,,,,,,,,,,,
,,,,,,,,,,,,,,,
,,,,,,,,,,,,,,,
,,,,,,,,,,,,,,,
,,,,,,,,,,,,,,,
,,,,,,,,,,,,,,,
,,,,,,,,,,,,,,,
,,,,,,,,,,,,,,,
,,,,,,,,,,,,,,,
,,,,,,,,,,,,,,,
,,,,,,,,,,,,,,,
,,,,,,,,,,,,,,,
,,,,,,,,,,,,,,,
,,,,,,,,,,,,,,,
,,,,,,,,,,,,,,,
,,,,,,,,,,,,,,,
,,,,,,,,,,,,,,,
,,,,,,,,,,,,,,,
,,,,,,,,,,,,,,,
,,,,,,,,,,,,,,,
,,,,,,,,,,,,,,,
,,,,,,,,,,,,,,,
,,,,,,,,,,,,,,,
,,,,,,,,,,,,,,,
,,,,,,,,,,,,,,,
,,,,,,,,,,,,,,,
,,,,,,,,,,,,,,,
,,,,,,,,,,,,,,,
,,,,,,,,,,,,,,,
,,,,,,,,,,,,,,,
,,,,,,,,,,,,,,,
,,,,,,,,,,,,,,,
,,,,,,,,,,,,,,,
,,,,,,,,,,,,,,,
,,,,,,,,,,,,,,,
,,,,,,,,,,,,,,,
,,,,,,,,,,,,,,,
,,,,,,,,,,,,,,,
,,,,,,,,,,,,,,,
,,,,,,,,,,,,,,,
,,,,,,,,,,,,,,,
,,,,,,,,,,,,,,,
,,,,,,,,,,,,,,,
,,,,,,,,,,,,,,,
,,,,,,,,,,,,,,,
,,,,,,,,,,,,,,,
,,,,,,,,,,,,,,,
,,,,,,,,,,,,,,,
,,,,,,,,,,,,,,,
,,,,,,,,,,,,,,,
,,,,,,,,,,,,,,,
,,,,,,,,,,,,,,,
,,,,,,,,,,,,,,,
,,,,,,,,,,,,,,,
,,,,,,,,,,,,,,,
,,,,,,,,,,,,,,,
,,,,,,,,,,,,,,,
,,,,,,,,,,,,,,,
,,,,,,,,,,,,,,,
,,,,,,,,,,,,,,,
,,,,,,,,,,,,,,,
,,,,,,,,,,,,,,,
,,,,,,,,,,,,,,,
,,,,,,,,,,,,,,,
,,,,,,,,,,,,,,,
,,,,,,,,,,,,,,,
,,,,,,,,,,,,,,,
,,,,,,,,,,,,,,,
,,,,,,,,,,,,,,,
,,,,,,,,,,,,,,,
,,,,,,,,,,,,,,,
,,,,,,,,,,,,,,,
,,,,,,,,,,,,,,,
,,,,,,,,,,,,,,,
,,,,,,,,,,,,,,,
,,,,,,,,,,,,,,,
,,,,,,,,,,,,,,,
,,,,,,,,,,,,,,,
,,,,,,,,,,,,,,,
,,,,,,,,,,,,,,,
,,,,,,,,,,,,,,,
,,,,,,,,,,,,,,,
,,,,,,,,,,,,,,,
,,,,,,,,,,,,,,,
,,,,,,,,,,,,,,,
,,,,,,,,,,,,,,,
,,,,,,,,,,,,,,,
,,,,,,,,,,,,,,,
,,,,,,,,,,,,,,,
,,,,,,,,,,,,,,,
,,,,,,,,,,,,,,,
,,,,,,,,,,,,,,,
,,,,,,,,,,,,,,,
,,,,,,,,,,,,,,,
,,,,,,,,,,,,,,,
,,,,,,,,,,,,,,,
,,,,,,,,,,,,,,,
,,,,,,,,,,,,,,,
,,,,,,,,,,,,,,,
,,,,,,,,,,,,,,,
,,,,,,,,,,,,,,,
,,,,,,,,,,,,,,,
,,,,,,,,,,,,,,,
,,,,,,,,,,,,,,,
,,,,,,,,,,,,,,,
,,,,,,,,,,,,,,,
,,,,,,,,,,,,,,,
,,,,,,,,,,,,,,,
,,,,,,,,,,,,,,,
,,,,,,,,,,,,,,,
,,,,,,,,,,,,,,,
,,,,,,,,,,,,,,,
,,,,,,,,,,,,,,,
,,,,,,,,,,,,,,,
,,,,,,,,,,,,,,,
,,,,,,,,,,,,,,,
,,,,,,,,,,,,,,,
,,,,,,,,,,,,,,,
,,,,,,,,,,,,,,,
,,,,,,,,,,,,,,,
,,,,,,,,,,,,,,,
,,,,,,,,,,,,,,,
,,,,,,,,,,,,,,,
,,,,,,,,,,,,,,,
,,,,,,,,,,,,,,,
,,,,,,,,,,,,,,,
,,,,,,,,,,,,,,,
,,,,,,,,,,,,,,,
,,,,,,,,,,,,,,,
,,,,,,,,,,,,,,,
,,,,,,,,,,,,,,,
,,,,,,,,,,,,,,,
,,,,,,,,,,,,,,,
,,,,,,,,,,,,,,,
,,,,,,,,,,,,,,,
,,,,,,,,,,,,,,,
,,,,,,,,,,,,,,,
,,,,,,,,,,,,,,,
,,,,,,,,,,,,,,,
,,,,,,,,,,,,,,,
,,,,,,,,,,,,,,,
,,,,,,,,,,,,,,,
,,,,,,,,,,,,,,,
,,,,,,,,,,,,,,,
,,,,,,,,,,,,,,,
,,,,,,,,,,,,,,,
,,,,,,,,,,,,,,,
,,,,,,,,,,,,,,,
,,,,,,,,,,,,,,,
,,,,,,,,,,,,,,,
,,,,,,,,,,,,,,,
,,,,,,,,,,,,,,,
,,,,,,,,,,,,,,,
,,,,,,,,,,,,,,,
,,,,,,,,,,,,,,,
,,,,,,,,,,,,,,,
,,,,,,,,,,,,,,,
,,,,,,,,,,,,,,,
,,,,,,,,,,,,,,,
,,,,,,,,,,,,,,,
,,,,,,,,,,,,,,,
,,,,,,,,,,,,,,,
,,,,,,,,,,,,,,,
,,,,,,,,,,,,,,,
,,,,,,,,,,,,,,,
,,,,,,,,,,,,,,,
,,,,,,,,,,,,,,,
,,,,,,,,,,,,,,,
,,,,,,,,,,,,,,,
,,,,,,,,,,,,,,,
,,,,,,,,,,,,,,,
,,,,,,,,,,,,,,,
,,,,,,,,,,,,,,,
,,,,,,,,,,,,,,,
,,,,,,,,,,,,,,,
,,,,,,,,,,,,,,,
,,,,,,,,,,,,,,,
,,,,,,,,,,,,,,,
,,,,,,,,,,,,,,,
,,,,,,,,,,,,,,,
,,,,,,,,,,,,,,,
,,,,,,,,,,,,,,,
,,,,,,,,,,,,,,,
,,,,,,,,,,,,,,,
,,,,,,,,,,,,,,,
,,,,,,,,,,,,,,,
,,,,,,,,,,,,,,,
,,,,,,,,,,,,,,,
,,,,,,,,,,,,,,,
,,,,,,,,,,,,,,,
,,,,,,,,,,,,,,,
,,,,,,,,,,,,,,,
,,,,,,,,,,,,,,,
,,,,,,,,,,,,,,,
,,,,,,,,,,,,,,,
,,,,,,,,,,,,,,,
,,,,,,,,,,,,,,,
,,,,,,,,,,,,,,,
,,,,,,,,,,,,,,,
,,,,,,,,,,,,,,,
,,,,,,,,,,,,,,,
,,,,,,,,,,,,,,,
,,,,,,,,,,,,,,,
,,,,,,,,,,,,,,,
,,,,,,,,,,,,,,,
,,,,,,,,,,,,,,,
,,,,,,,,,,,,,,,
,,,,,,,,,,,,,,,
,,,,,,,,,,,,,,,
,,,,,,,,,,,,,,,
,,,,,,,,,,,,,,,
,,,,,,,,,,,,,,,
,,,,,,,,,,,,,,,
,,,,,,,,,,,,,,,
,,,,,,,,,,,,,,,
,,,,,,,,,,,,,,,
,,,,,,,,,,,,,,,
,,,,,,,,,,,,,,,
,,,,,,,,,,,,,,,
,,,,,,,,,,,,,,,
,,,,,,,,,,,,,,,
,,,,,,,,,,,,,,,
,,,,,,,,,,,,,,,
,,,,,,,,,,,,,,,
,,,,,,,,,,,,,,,
,,,,,,,,,,,,,,,
,,,,,,,,,,,,,,,
,,,,,,,,,,,,,,,
,,,,,,,,,,,,,,,
,,,,,,,,,,,,,,,
,,,,,,,,,,,,,,,
,,,,,,,,,,,,,,,
,,,,,,,,,,,,,,,
,,,,,,,,,,,,,,,
,,,,,,,,,,,,,,,
,,,,,,,,,,,,,,,
,,,,,,,,,,,,,,,
,,,,,,,,,,,,,,,
,,,,,,,,,,,,,,,
,,,,,,,,,,,,,,,
,,,,,,,,,,,,,,,
,,,,,,,,,,,,,,,
,,,,,,,,,,,,,,,
,,,,,,,,,,,,,,,
,,,,,,,,,,,,,,,
,,,,,,,,,,,,,,,
,,,,,,,,,,,,,,,
,,,,,,,,,,,,,,,
,,,,,,,,,,,,,,,
,,,,,,,,,,,,,,,
,,,,,,,,,,,,,,,
,,,,,,,,,,,,,,,
,,,,,,,,,,,,,,,
,,,,,,,,,,,,,,,
,,,,,,,,,,,,,,,
,,,,,,,,,,,,,,,
,,,,,,,,,,,,,,,
,,,,,,,,,,,,,,,
,,,,,,,,,,,,,,,
,,,,,,,,,,,,,,,
,,,,,,,,,,,,,,,
,,,,,,,,,,,,,,,
,,,,,,,,,,,,,,,
,,,,,,,,,,,,,,,
,,,,,,,,,,,,,,,
,,,,,,,,,,,,,,,
,,,,,,,,,,,,,,,
,,,,,,,,,,,,,,,
,,,,,,,,,,,,,,,
,,,,,,,,,,,,,,,
,,,,,,,,,,,,,,,
,,,,,,,,,,,,,,,
,,,,,,,,,,,,,,,
,,,,,,,,,,,,,,,
,,,,,,,,,,,,,,,
,,,,,,,,,,,,,,,
,,,,,,,,,,,,,,,
,,,,,,,,,,,,,,,
,,,,,,,,,,,,,,,
